id;name;email;fcm
1;Assistant;Aubrey45@yahoo.com;program orchid Investment Account
2;Security;Dee31@gmail.com;empower Auto Loan Account Music
3;Principal sky blue;Nolan.Ledner@hotmail.com;deposit multi-byte indexing
4;Ball Extended;Ollie_Parker18@yahoo.com;Soft Villages fuchsia
5;partnerships Progressive copying;Bailey.Pouros7@gmail.com;Generic Spurs
6;Specialist copying;Elmore_Schowalter@gmail.com;Handmade digital
7;Compatible primary;Laron70@gmail.com;Personal Loan Account
8;Falkland Islands Pound Lilangeni Investment Account;Alfred.Ebert78@gmail.com;Auto Loan Account invoice
9;Tuna;Jannie_Miller55@hotmail.com;Court Balboa US Dollar FTP
10;Concrete;Mossie82@gmail.com;Christmas Island
